URLs,Path_Details
https://www.timeout.com/sitemap_global.xml.gz,['sitemap_global.xml.gz']
https://www.timeout.com/tr/sitemap_global.xml.gz,"['tr', 'sitemap_global.xml.gz']"
https://www.timeout.com/ja/sitemap_global.xml.gz,"['ja', 'sitemap_global.xml.gz']"
https://www.timeout.com/ru/sitemap_global.xml.gz,"['ru', 'sitemap_global.xml.gz']"
https://www.timeout.com/th/sitemap_global.xml.gz,"['th', 'sitemap_global.xml.gz']"
https://www.timeout.com/ko/sitemap_global.xml.gz,"['ko', 'sitemap_global.xml.gz']"
https://www.timeout.com/ca/sitemap_global.xml.gz,"['ca', 'sitemap_global.xml.gz']"
https://www.timeout.com/hk/sitemap_global.xml.gz,"['hk', 'sitemap_global.xml.gz']"
https://www.timeout.com/fr/sitemap_global.xml.gz,"['fr', 'sitemap_global.xml.gz']"
https://www.timeout.com/es/sitemap_global.xml.gz,"['es', 'sitemap_global.xml.gz']"
https://www.timeout.com/pt/sitemap_global.xml.gz,"['pt', 'sitemap_global.xml.gz']"
https://www.timeout.com/isle-of-man/sitemap.xml.gz,"['isle-of-man', 'sitemap.xml.gz']"
https://www.timeout.com/bahamas/sitemap.xml.gz,"['bahamas', 'sitemap.xml.gz']"
https://www.timeout.com/pigeon-forge/sitemap.xml.gz,"['pigeon-forge', 'sitemap.xml.gz']"
https://www.timeout.com/hungerford/sitemap.xml.gz,"['hungerford', 'sitemap.xml.gz']"
https://www.timeout.com/san-antonio/sitemap.xml.gz,"['san-antonio', 'sitemap.xml.gz']"
https://www.timeout.com/cocoa-beach/sitemap.xml.gz,"['cocoa-beach', 'sitemap.xml.gz']"
https://www.timeout.com/st-petersburg/sitemap.xml.gz,"['st-petersburg', 'sitemap.xml.gz']"
https://www.timeout.com/kansas-city/sitemap.xml.gz,"['kansas-city', 'sitemap.xml.gz']"
https://www.timeout.com/suffolk/sitemap.xml.gz,"['suffolk', 'sitemap.xml.gz']"
https://www.timeout.com/sydney/sitemap.xml.gz,"['sydney', 'sitemap.xml.gz']"
https://www.timeout.com/leeds/sitemap.xml.gz,"['leeds', 'sitemap.xml.gz']"
https://www.timeout.com/florence/sitemap.xml.gz,"['florence', 'sitemap.xml.gz']"
https://www.timeout.com/pennsylvania/sitemap.xml.gz,"['pennsylvania', 'sitemap.xml.gz']"
https://www.timeout.com/ramsgate/sitemap.xml.gz,"['ramsgate', 'sitemap.xml.gz']"
https://www.timeout.com/annapolis/sitemap.xml.gz,"['annapolis', 'sitemap.xml.gz']"
https://www.timeout.com/leicester/sitemap.xml.gz,"['leicester', 'sitemap.xml.gz']"
https://www.timeout.com/taiwan/sitemap.xml.gz,"['taiwan', 'sitemap.xml.gz']"
https://www.timeout.com/bournemouth/sitemap.xml.gz,"['bournemouth', 'sitemap.xml.gz']"
https://www.timeout.com/south-korea/sitemap.xml.gz,"['south-korea', 'sitemap.xml.gz']"
https://www.timeout.com/memphis/sitemap.xml.gz,"['memphis', 'sitemap.xml.gz']"
https://www.timeout.com/boulder/sitemap.xml.gz,"['boulder', 'sitemap.xml.gz']"
https://www.timeout.com/latvia/sitemap.xml.gz,"['latvia', 'sitemap.xml.gz']"
https://www.timeout.com/argentina/sitemap.xml.gz,"['argentina', 'sitemap.xml.gz']"
https://www.timeout.com/winnipeg/sitemap.xml.gz,"['winnipeg', 'sitemap.xml.gz']"
https://www.timeout.com/arizona/sitemap.xml.gz,"['arizona', 'sitemap.xml.gz']"
https://www.timeout.com/weymouth/sitemap.xml.gz,"['weymouth', 'sitemap.xml.gz']"
https://www.timeout.com/wisconsin-dells/sitemap.xml.gz,"['wisconsin-dells', 'sitemap.xml.gz']"
https://www.timeout.com/rotorua/sitemap.xml.gz,"['rotorua', 'sitemap.xml.gz']"
https://www.timeout.com/uk/sitemap.xml.gz,"['uk', 'sitemap.xml.gz']"
https://www.timeout.com/oakland/sitemap.xml.gz,"['oakland', 'sitemap.xml.gz']"
https://www.timeout.com/st-louis/sitemap.xml.gz,"['st-louis', 'sitemap.xml.gz']"
https://www.timeout.com/west-palm-beach/sitemap.xml.gz,"['west-palm-beach', 'sitemap.xml.gz']"
https://www.timeout.com/fort-myers/sitemap.xml.gz,"['fort-myers', 'sitemap.xml.gz']"
https://www.timeout.com/durban/sitemap.xml.gz,"['durban', 'sitemap.xml.gz']"
https://www.timeout.com/south-carolina/sitemap.xml.gz,"['south-carolina', 'sitemap.xml.gz']"
https://www.timeout.com/scarborough/sitemap.xml.gz,"['scarborough', 'sitemap.xml.gz']"
https://www.timeout.com/cardiff/sitemap.xml.gz,"['cardiff', 'sitemap.xml.gz']"
https://www.timeout.com/africa/sitemap.xml.gz,"['africa', 'sitemap.xml.gz']"
https://www.timeout.com/sorrento/sitemap.xml.gz,"['sorrento', 'sitemap.xml.gz']"
https://www.timeout.com/key-west/sitemap.xml.gz,"['key-west', 'sitemap.xml.gz']"
https://www.timeout.com/rhodes/sitemap.xml.gz,"['rhodes', 'sitemap.xml.gz']"
https://www.timeout.com/ireland/sitemap.xml.gz,"['ireland', 'sitemap.xml.gz']"
https://www.timeout.com/chester/sitemap.xml.gz,"['chester', 'sitemap.xml.gz']"
https://www.timeout.com/peterborough/sitemap.xml.gz,"['peterborough', 'sitemap.xml.gz']"
https://www.timeout.com/goa/sitemap.xml.gz,"['goa', 'sitemap.xml.gz']"
https://www.timeout.com/tucson/sitemap.xml.gz,"['tucson', 'sitemap.xml.gz']"
https://www.timeout.com/devon/sitemap.xml.gz,"['devon', 'sitemap.xml.gz']"
https://www.timeout.com/flores/sitemap.xml.gz,"['flores', 'sitemap.xml.gz']"
https://www.timeout.com/shimla/sitemap.xml.gz,"['shimla', 'sitemap.xml.gz']"
https://www.timeout.com/galveston/sitemap.xml.gz,"['galveston', 'sitemap.xml.gz']"
https://www.timeout.com/nusa-dua/sitemap.xml.gz,"['nusa-dua', 'sitemap.xml.gz']"
https://www.timeout.com/vermont/sitemap.xml.gz,"['vermont', 'sitemap.xml.gz']"
https://www.timeout.com/oahu/sitemap.xml.gz,"['oahu', 'sitemap.xml.gz']"
https://www.timeout.com/granada/sitemap.xml.gz,"['granada', 'sitemap.xml.gz']"
https://www.timeout.com/raleigh/sitemap.xml.gz,"['raleigh', 'sitemap.xml.gz']"
https://www.timeout.com/edinburgh/sitemap.xml.gz,"['edinburgh', 'sitemap.xml.gz']"
https://www.timeout.com/ottawa/sitemap.xml.gz,"['ottawa', 'sitemap.xml.gz']"
https://www.timeout.com/rhode-island/sitemap.xml.gz,"['rhode-island', 'sitemap.xml.gz']"
https://www.timeout.com/mauritius/sitemap.xml.gz,"['mauritius', 'sitemap.xml.gz']"
https://www.timeout.com/bermuda/sitemap.xml.gz,"['bermuda', 'sitemap.xml.gz']"
https://www.timeout.com/reno/sitemap.xml.gz,"['reno', 'sitemap.xml.gz']"
https://www.timeout.com/accra/sitemap.xml.gz,"['accra', 'sitemap.xml.gz']"
https://www.timeout.com/buenos-aires/sitemap.xml.gz,"['buenos-aires', 'sitemap.xml.gz']"
https://www.timeout.com/es/buenos-aires/sitemap.xml.gz,"['es', 'buenos-aires', 'sitemap.xml.gz']"
https://www.timeout.com/israel/sitemap.xml.gz,"['israel', 'sitemap.xml.gz']"
https://www.timeout.fr/israel/fr/sitemap.xml.gz,"['https:', '', 'www.timeout.fr', 'israel', 'fr', 'sitemap.xml.gz']"
https://www.timeout.com/christchurch/sitemap.xml.gz,"['christchurch', 'sitemap.xml.gz']"
https://www.timeout.com/pretoria/sitemap.xml.gz,"['pretoria', 'sitemap.xml.gz']"
https://www.timeout.com/santorini/sitemap.xml.gz,"['santorini', 'sitemap.xml.gz']"
https://www.timeout.com/japan/sitemap.xml.gz,"['japan', 'sitemap.xml.gz']"
https://www.timeout.com/prague/sitemap.xml.gz,"['prague', 'sitemap.xml.gz']"
https://www.timeout.com/es/praga/sitemap.xml.gz,"['es', 'praga', 'sitemap.xml.gz']"
https://www.timeout.com/whistler/sitemap.xml.gz,"['whistler', 'sitemap.xml.gz']"
https://www.timeout.com/michigan/sitemap.xml.gz,"['michigan', 'sitemap.xml.gz']"
https://www.timeout.com/exeter/sitemap.xml.gz,"['exeter', 'sitemap.xml.gz']"
https://www.timeout.com/worthing/sitemap.xml.gz,"['worthing', 'sitemap.xml.gz']"
https://www.timeout.com/richmond/sitemap.xml.gz,"['richmond', 'sitemap.xml.gz']"
https://www.timeout.com/sri-lanka/sitemap.xml.gz,"['sri-lanka', 'sitemap.xml.gz']"
https://www.timeout.com/kentucky/sitemap.xml.gz,"['kentucky', 'sitemap.xml.gz']"
https://www.timeout.com/little-rock/sitemap.xml.gz,"['little-rock', 'sitemap.xml.gz']"
https://www.timeout.com/ipswich/sitemap.xml.gz,"['ipswich', 'sitemap.xml.gz']"
https://www.timeout.com/los-angeles/sitemap.xml.gz,"['los-angeles', 'sitemap.xml.gz']"
https://www.timeout.com/es/los-angeles/sitemap.xml.gz,"['es', 'los-angeles', 'sitemap.xml.gz']"
https://www.timeout.com/philadelphia/sitemap.xml.gz,"['philadelphia', 'sitemap.xml.gz']"
https://www.timeout.pt/lisboa/pt/sitemap.xml.gz,"['https:', '', 'www.timeout.pt', 'lisboa', 'pt', 'sitemap.xml.gz']"
https://www.timeout.com/lisbon/sitemap.xml.gz,"['lisbon', 'sitemap.xml.gz']"
https://www.timeout.com/es/lisboa/sitemap.xml.gz,"['es', 'lisboa', 'sitemap.xml.gz']"
https://www.timeout.com/tennessee/sitemap.xml.gz,"['tennessee', 'sitemap.xml.gz']"
https://www.timeout.com/manchester/sitemap.xml.gz,"['manchester', 'sitemap.xml.gz']"
https://www.timeout.com/usa/sitemap.xml.gz,"['usa', 'sitemap.xml.gz']"
https://www.timeout.com/es/estados-unidos/sitemap.xml.gz,"['es', 'estados-unidos', 'sitemap.xml.gz']"
https://www.timeout.com/melbourne/sitemap.xml.gz,"['melbourne', 'sitemap.xml.gz']"
https://www.timeout.com/switzerland/sitemap.xml.gz,"['switzerland', 'sitemap.xml.gz']"
https://www.timeout.com/launceston/sitemap.xml.gz,"['launceston', 'sitemap.xml.gz']"
https://www.timeout.com/pismo-beach/sitemap.xml.gz,"['pismo-beach', 'sitemap.xml.gz']"
https://www.timeout.com/destin/sitemap.xml.gz,"['destin', 'sitemap.xml.gz']"
https://www.timeout.com/brussels/sitemap.xml.gz,"['brussels', 'sitemap.xml.gz']"
https://www.timeout.com/addison/sitemap.xml.gz,"['addison', 'sitemap.xml.gz']"
https://www.timeout.com/leicestershire/sitemap.xml.gz,"['leicestershire', 'sitemap.xml.gz']"
https://www.timeout.com/virginia-beach/sitemap.xml.gz,"['virginia-beach', 'sitemap.xml.gz']"
https://www.timeout.com/cyprus/sitemap.xml.gz,"['cyprus', 'sitemap.xml.gz']"
https://www.timeout.com/hamburg/sitemap.xml.gz,"['hamburg', 'sitemap.xml.gz']"
https://www.timeout.com/colombo/sitemap.xml.gz,"['colombo', 'sitemap.xml.gz']"
https://www.timeout.com/oslo/sitemap.xml.gz,"['oslo', 'sitemap.xml.gz']"
https://www.timeout.com/sheffield/sitemap.xml.gz,"['sheffield', 'sitemap.xml.gz']"
https://www.timeout.com/bruges/sitemap.xml.gz,"['bruges', 'sitemap.xml.gz']"
https://www.timeout.com/dartmouth/sitemap.xml.gz,"['dartmouth', 'sitemap.xml.gz']"
https://www.timeout.com/dorset/sitemap.xml.gz,"['dorset', 'sitemap.xml.gz']"
https://www.timeout.com/tacoma/sitemap.xml.gz,"['tacoma', 'sitemap.xml.gz']"
https://www.timeout.com/bangalore/sitemap.xml.gz,"['bangalore', 'sitemap.xml.gz']"
https://www.timeout.com/hungary/sitemap.xml.gz,"['hungary', 'sitemap.xml.gz']"
https://www.timeout.com/taipei/sitemap.xml.gz,"['taipei', 'sitemap.xml.gz']"
https://www.timeout.com/durham/sitemap.xml.gz,"['durham', 'sitemap.xml.gz']"
https://www.timeout.com/da-nang/sitemap.xml.gz,"['da-nang', 'sitemap.xml.gz']"
https://www.timeout.com/sunshine-coast/sitemap.xml.gz,"['sunshine-coast', 'sitemap.xml.gz']"
https://www.timeout.com/nottingham/sitemap.xml.gz,"['nottingham', 'sitemap.xml.gz']"
https://www.timeout.com/florida/sitemap.xml.gz,"['florida', 'sitemap.xml.gz']"
https://www.timeout.com/italy/sitemap.xml.gz,"['italy', 'sitemap.xml.gz']"
https://www.timeout.com/bellevue/sitemap.xml.gz,"['bellevue', 'sitemap.xml.gz']"
https://www.timeout.com/victoria/sitemap.xml.gz,"['victoria', 'sitemap.xml.gz']"
https://www.timeout.com/seattle/sitemap.xml.gz,"['seattle', 'sitemap.xml.gz']"
https://www.timeout.com/jaipur/sitemap.xml.gz,"['jaipur', 'sitemap.xml.gz']"
https://www.timeout.com/arkansas/sitemap.xml.gz,"['arkansas', 'sitemap.xml.gz']"
https://www.timeout.com/cambridgeshire/sitemap.xml.gz,"['cambridgeshire', 'sitemap.xml.gz']"
https://www.timeout.pt/porto/pt/sitemap.xml.gz,"['https:', '', 'www.timeout.pt', 'porto', 'pt', 'sitemap.xml.gz']"
https://www.timeout.com/porto/sitemap.xml.gz,"['porto', 'sitemap.xml.gz']"
https://www.timeout.com/es/oporto/sitemap.xml.gz,"['es', 'oporto', 'sitemap.xml.gz']"
https://www.timeout.com/bali/sitemap.xml.gz,"['bali', 'sitemap.xml.gz']"
https://www.timeout.com/montreal/sitemap.xml.gz,"['montreal', 'sitemap.xml.gz']"
https://www.timeout.com/fr/montreal/sitemap.xml.gz,"['fr', 'montreal', 'sitemap.xml.gz']"
https://www.timeout.com/busan/sitemap.xml.gz,"['busan', 'sitemap.xml.gz']"
https://www.timeout.com/barbados/sitemap.xml.gz,"['barbados', 'sitemap.xml.gz']"
https://www.timeout.com/baltimore/sitemap.xml.gz,"['baltimore', 'sitemap.xml.gz']"
https://www.timeout.com/maldives/sitemap.xml.gz,"['maldives', 'sitemap.xml.gz']"
https://www.timeout.com/sweden/sitemap.xml.gz,"['sweden', 'sitemap.xml.gz']"
https://www.timeout.com/national-harbor/sitemap.xml.gz,"['national-harbor', 'sitemap.xml.gz']"
https://www.timeout.com/tampa/sitemap.xml.gz,"['tampa', 'sitemap.xml.gz']"
https://www.timeout.com/hoboken/sitemap.xml.gz,"['hoboken', 'sitemap.xml.gz']"
https://www.timeout.com/poland/sitemap.xml.gz,"['poland', 'sitemap.xml.gz']"
https://www.timeout.com/long-island/sitemap.xml.gz,"['long-island', 'sitemap.xml.gz']"
https://www.timeout.com/sao-paulo/sitemap.xml.gz,"['sao-paulo', 'sitemap.xml.gz']"
https://www.timeout.com/oban/sitemap.xml.gz,"['oban', 'sitemap.xml.gz']"
https://www.timeout.com/louisville/sitemap.xml.gz,"['louisville', 'sitemap.xml.gz']"
https://www.timeout.com/noosa/sitemap.xml.gz,"['noosa', 'sitemap.xml.gz']"
https://www.timeout.com/auckland/sitemap.xml.gz,"['auckland', 'sitemap.xml.gz']"
https://www.timeout.com/vienna/sitemap.xml.gz,"['vienna', 'sitemap.xml.gz']"
https://www.timeout.com/scottsdale/sitemap.xml.gz,"['scottsdale', 'sitemap.xml.gz']"
https://www.timeout.com/palo-alto/sitemap.xml.gz,"['palo-alto', 'sitemap.xml.gz']"
https://www.timeout.com/sonoma/sitemap.xml.gz,"['sonoma', 'sitemap.xml.gz']"
https://www.timeout.com/mumbai/sitemap.xml.gz,"['mumbai', 'sitemap.xml.gz']"
https://www.timeout.com/paphos/sitemap.xml.gz,"['paphos', 'sitemap.xml.gz']"
https://www.timeout.com/snowdonia/sitemap.xml.gz,"['snowdonia', 'sitemap.xml.gz']"
https://www.timeout.com/phuket/sitemap.xml.gz,"['phuket', 'sitemap.xml.gz']"
https://www.timeout.com/valencia/sitemap.xml.gz,"['valencia', 'sitemap.xml.gz']"
https://www.timeout.com/es/valencia/sitemap.xml.gz,"['es', 'valencia', 'sitemap.xml.gz']"
https://www.timeout.com/chicago/sitemap.xml.gz,"['chicago', 'sitemap.xml.gz']"
https://www.timeout.com/es/chicago/sitemap.xml.gz,"['es', 'chicago', 'sitemap.xml.gz']"
https://www.timeout.com/wellington/sitemap.xml.gz,"['wellington', 'sitemap.xml.gz']"
https://www.timeout.com/adelaide/sitemap.xml.gz,"['adelaide', 'sitemap.xml.gz']"
https://www.timeout.com/cambodia/sitemap.xml.gz,"['cambodia', 'sitemap.xml.gz']"
https://www.timeout.com/lake-george/sitemap.xml.gz,"['lake-george', 'sitemap.xml.gz']"
https://www.timeout.com/newport-beach/sitemap.xml.gz,"['newport-beach', 'sitemap.xml.gz']"
https://www.timeout.com/canberra/sitemap.xml.gz,"['canberra', 'sitemap.xml.gz']"
https://www.timeout.com/quebec/sitemap.xml.gz,"['quebec', 'sitemap.xml.gz']"
https://www.timeout.com/caribbean/sitemap.xml.gz,"['caribbean', 'sitemap.xml.gz']"
https://www.timeout.com/gloucestershire/sitemap.xml.gz,"['gloucestershire', 'sitemap.xml.gz']"
https://www.timeout.com/lancashire/sitemap.xml.gz,"['lancashire', 'sitemap.xml.gz']"
https://www.timeout.com/galway/sitemap.xml.gz,"['galway', 'sitemap.xml.gz']"
https://www.timeout.com/jersey-city/sitemap.xml.gz,"['jersey-city', 'sitemap.xml.gz']"
https://www.timeout.com/finland/sitemap.xml.gz,"['finland', 'sitemap.xml.gz']"
https://www.timeout.com/morocco/sitemap.xml.gz,"['morocco', 'sitemap.xml.gz']"
https://www.timeout.com/northern-ireland/sitemap.xml.gz,"['northern-ireland', 'sitemap.xml.gz']"
https://www.timeout.com/dale/sitemap.xml.gz,"['dale', 'sitemap.xml.gz']"
https://www.timeout.com/tulum/sitemap.xml.gz,"['tulum', 'sitemap.xml.gz']"
https://www.timeout.com/dublin/sitemap.xml.gz,"['dublin', 'sitemap.xml.gz']"
https://www.timeout.com/santa-catalina-island/sitemap.xml.gz,"['santa-catalina-island', 'sitemap.xml.gz']"
https://www.timeout.com/charlotte/sitemap.xml.gz,"['charlotte', 'sitemap.xml.gz']"
https://www.timeout.com/dorking/sitemap.xml.gz,"['dorking', 'sitemap.xml.gz']"
https://www.timeout.com/anchorage/sitemap.xml.gz,"['anchorage', 'sitemap.xml.gz']"
https://www.timeout.com/portugal/sitemap.xml.gz,"['portugal', 'sitemap.xml.gz']"
https://www.timeout.com/pt/portugal/sitemap.xml.gz,"['pt', 'portugal', 'sitemap.xml.gz']"
https://www.timeout.com/red-bank/sitemap.xml.gz,"['red-bank', 'sitemap.xml.gz']"
https://www.timeout.com/stockbridge/sitemap.xml.gz,"['stockbridge', 'sitemap.xml.gz']"
https://www.timeout.com/benalmadena/sitemap.xml.gz,"['benalmadena', 'sitemap.xml.gz']"
https://www.timeout.com/kuala-lumpur/sitemap.xml.gz,"['kuala-lumpur', 'sitemap.xml.gz']"
https://www.timeout.com/savannah/sitemap.xml.gz,"['savannah', 'sitemap.xml.gz']"
https://www.timeout.com/panama-city-beach/sitemap.xml.gz,"['panama-city-beach', 'sitemap.xml.gz']"
https://www.timeout.com/canada/sitemap.xml.gz,"['canada', 'sitemap.xml.gz']"
https://www.timeout.com/thailand/sitemap.xml.gz,"['thailand', 'sitemap.xml.gz']"
https://www.timeout.com/lanzarote/sitemap.xml.gz,"['lanzarote', 'sitemap.xml.gz']"
https://www.timeout.com/gulf-shores/sitemap.xml.gz,"['gulf-shores', 'sitemap.xml.gz']"
https://www.timeout.fr/paris/sitemap.xml.gz,"['https:', '', 'www.timeout.fr', 'paris', 'sitemap.xml.gz']"
https://www.timeout.com/paris/en/sitemap.xml.gz,"['paris', 'en', 'sitemap.xml.gz']"
https://www.timeout.com/es/paris/sitemap.xml.gz,"['es', 'paris', 'sitemap.xml.gz']"
https://www.timeout.com/north-america/sitemap.xml.gz,"['north-america', 'sitemap.xml.gz']"
https://www.timeout.com/nice/sitemap.xml.gz,"['nice', 'sitemap.xml.gz']"
https://www.timeout.com/darwin/sitemap.xml.gz,"['darwin', 'sitemap.xml.gz']"
https://www.timeout.com/santa-fe/sitemap.xml.gz,"['santa-fe', 'sitemap.xml.gz']"
https://www.timeout.com/southend/sitemap.xml.gz,"['southend', 'sitemap.xml.gz']"
https://www.timeout.com/moscow/sitemap.xml.gz,"['moscow', 'sitemap.xml.gz']"
https://www.timeout.com/napa/sitemap.xml.gz,"['napa', 'sitemap.xml.gz']"
https://www.timeout.com/newcastle/sitemap.xml.gz,"['newcastle', 'sitemap.xml.gz']"
https://www.timeout.com/austria/sitemap.xml.gz,"['austria', 'sitemap.xml.gz']"
https://www.timeout.com/cape-town/sitemap.xml.gz,"['cape-town', 'sitemap.xml.gz']"
https://www.timeout.com/niagara-falls-ny/sitemap.xml.gz,"['niagara-falls-ny', 'sitemap.xml.gz']"
https://www.timeout.com/las-vegas/sitemap.xml.gz,"['las-vegas', 'sitemap.xml.gz']"
https://www.timeout.com/es/las-vegas/sitemap.xml.gz,"['es', 'las-vegas', 'sitemap.xml.gz']"
https://www.timeout.com/baton-rouge/sitemap.xml.gz,"['baton-rouge', 'sitemap.xml.gz']"
https://www.timeout.com/fort-collins/sitemap.xml.gz,"['fort-collins', 'sitemap.xml.gz']"
https://www.timeout.com/es/bilbao/sitemap.xml.gz,"['es', 'bilbao', 'sitemap.xml.gz']"
https://www.timeout.com/about/sitemap.xml.gz,"['about', 'sitemap.xml.gz']"
https://www.timeout.com/bethesda/sitemap.xml.gz,"['bethesda', 'sitemap.xml.gz']"
https://www.timeout.com/schaumburg/sitemap.xml.gz,"['schaumburg', 'sitemap.xml.gz']"
https://www.timeout.com/greece/sitemap.xml.gz,"['greece', 'sitemap.xml.gz']"
https://www.timeout.com/liverpool/sitemap.xml.gz,"['liverpool', 'sitemap.xml.gz']"
https://www.timeout.com/blackpool/sitemap.xml.gz,"['blackpool', 'sitemap.xml.gz']"
https://www.timeout.com/south-padre-island/sitemap.xml.gz,"['south-padre-island', 'sitemap.xml.gz']"
https://www.timeout.com/lincoln/sitemap.xml.gz,"['lincoln', 'sitemap.xml.gz']"
https://www.timeout.com/sacramento/sitemap.xml.gz,"['sacramento', 'sitemap.xml.gz']"
https://www.timeout.com/alabama/sitemap.xml.gz,"['alabama', 'sitemap.xml.gz']"
https://www.timeout.com/central-america/sitemap.xml.gz,"['central-america', 'sitemap.xml.gz']"
https://www.timeout.com/canary-islands/sitemap.xml.gz,"['canary-islands', 'sitemap.xml.gz']"
https://www.timeout.com/philippines/sitemap.xml.gz,"['philippines', 'sitemap.xml.gz']"
https://www.timeout.com/gisborne/sitemap.xml.gz,"['gisborne', 'sitemap.xml.gz']"
https://www.timeout.com/bogota/sitemap.xml.gz,"['bogota', 'sitemap.xml.gz']"
https://www.timeout.com/es/bogota/sitemap.xml.gz,"['es', 'bogota', 'sitemap.xml.gz']"
https://www.timeout.com/palm-springs/sitemap.xml.gz,"['palm-springs', 'sitemap.xml.gz']"
https://www.timeout.com/milwaukee/sitemap.xml.gz,"['milwaukee', 'sitemap.xml.gz']"
https://www.timeout.com/england/sitemap.xml.gz,"['england', 'sitemap.xml.gz']"
https://www.timeout.com/corpus-christi/sitemap.xml.gz,"['corpus-christi', 'sitemap.xml.gz']"
https://www.timeout.com/santa-cruz/sitemap.xml.gz,"['santa-cruz', 'sitemap.xml.gz']"
https://www.timeout.com/mexico-country/sitemap.xml.gz,"['mexico-country', 'sitemap.xml.gz']"
https://www.timeout.com/dusseldorf/sitemap.xml.gz,"['dusseldorf', 'sitemap.xml.gz']"
https://www.timeout.com/fort-lauderdale/sitemap.xml.gz,"['fort-lauderdale', 'sitemap.xml.gz']"
https://www.timeout.com/washington/sitemap.xml.gz,"['washington', 'sitemap.xml.gz']"
https://www.timeout.com/coventry/sitemap.xml.gz,"['coventry', 'sitemap.xml.gz']"
https://www.timeout.com/ibiza/sitemap.xml.gz,"['ibiza', 'sitemap.xml.gz']"
https://www.timeout.com/rome/sitemap.xml.gz,"['rome', 'sitemap.xml.gz']"
https://www.timeout.com/es/roma/sitemap.xml.gz,"['es', 'roma', 'sitemap.xml.gz']"
https://www.timeout.com/bordeaux/sitemap.xml.gz,"['bordeaux', 'sitemap.xml.gz']"
https://www.timeout.com/niagara-falls-canada/sitemap.xml.gz,"['niagara-falls-canada', 'sitemap.xml.gz']"
https://www.timeout.com/big-island/sitemap.xml.gz,"['big-island', 'sitemap.xml.gz']"
https://www.timeout.com/new-york-state/sitemap.xml.gz,"['new-york-state', 'sitemap.xml.gz']"
https://www.timeout.com/panama/sitemap.xml.gz,"['panama', 'sitemap.xml.gz']"
https://www.timeout.com/fort-worth/sitemap.xml.gz,"['fort-worth', 'sitemap.xml.gz']"
https://www.timeout.com/riga/sitemap.xml.gz,"['riga', 'sitemap.xml.gz']"
https://www.timeout.com/osaka/sitemap.xml.gz,"['osaka', 'sitemap.xml.gz']"
https://www.timeout.com/santa-barbara/sitemap.xml.gz,"['santa-barbara', 'sitemap.xml.gz']"
https://www.timeout.com/honolulu/sitemap.xml.gz,"['honolulu', 'sitemap.xml.gz']"
https://www.timeout.com/ontario/sitemap.xml.gz,"['ontario', 'sitemap.xml.gz']"
https://www.timeout.com/utah/sitemap.xml.gz,"['utah', 'sitemap.xml.gz']"
https://www.timeoutmexico.mx/ciudad-de-mexico/sitemap.xml.gz,"['https:', '', 'www.timeoutmexico.mx', 'ciudad-de-mexico', 'sitemap.xml.gz']"
https://www.timeout.com/mexico-city/sitemap.xml.gz,"['mexico-city', 'sitemap.xml.gz']"
https://www.timeout.com/athens/sitemap.xml.gz,"['athens', 'sitemap.xml.gz']"
https://www.timeout.com/ann-arbor/sitemap.xml.gz,"['ann-arbor', 'sitemap.xml.gz']"
https://www.timeout.com/es/sevilla/sitemap.xml.gz,"['es', 'sevilla', 'sitemap.xml.gz']"
https://www.timeout.com/seville/sitemap.xml.gz,"['seville', 'sitemap.xml.gz']"
https://www.timeout.com/wisconsin/sitemap.xml.gz,"['wisconsin', 'sitemap.xml.gz']"
https://www.timeout.com/wells/sitemap.xml.gz,"['wells', 'sitemap.xml.gz']"
https://www.timeout.com/jakarta/sitemap.xml.gz,"['jakarta', 'sitemap.xml.gz']"
https://www.timeout.com/belfast/sitemap.xml.gz,"['belfast', 'sitemap.xml.gz']"
https://www.timeout.com/oaxaca/sitemap.xml.gz,"['oaxaca', 'sitemap.xml.gz']"
https://www.timeout.com/southampton/sitemap.xml.gz,"['southampton', 'sitemap.xml.gz']"
https://www.timeout.com/twentynine-palms/sitemap.xml.gz,"['twentynine-palms', 'sitemap.xml.gz']"
https://www.timeout.com/aruba/sitemap.xml.gz,"['aruba', 'sitemap.xml.gz']"
https://www.timeout.com/burlington/sitemap.xml.gz,"['burlington', 'sitemap.xml.gz']"
https://www.timeout.com/st-ives/sitemap.xml.gz,"['st-ives', 'sitemap.xml.gz']"
https://www.timeout.com/tulsa/sitemap.xml.gz,"['tulsa', 'sitemap.xml.gz']"
https://www.timeout.com/south-lake-tahoe/sitemap.xml.gz,"['south-lake-tahoe', 'sitemap.xml.gz']"
https://www.timeout.com/falmouth/sitemap.xml.gz,"['falmouth', 'sitemap.xml.gz']"
https://www.timeout.com/newquay/sitemap.xml.gz,"['newquay', 'sitemap.xml.gz']"
https://www.timeout.com/milton-keynes/sitemap.xml.gz,"['milton-keynes', 'sitemap.xml.gz']"
https://www.timeout.com/bangkok/sitemap.xml.gz,"['bangkok', 'sitemap.xml.gz']"
https://www.timeout.com/bangkok/th/sitemap.xml.gz,"['bangkok', 'th', 'sitemap.xml.gz']"
https://www.timeout.com/miami/sitemap.xml.gz,"['miami', 'sitemap.xml.gz']"
https://www.timeout.com/es/miami/sitemap.xml.gz,"['es', 'miami', 'sitemap.xml.gz']"
https://www.timeout.com/southeast-asia/sitemap.xml.gz,"['southeast-asia', 'sitemap.xml.gz']"
https://www.timeout.com/newyork/sitemap.xml.gz,"['newyork', 'sitemap.xml.gz']"
https://www.timeout.es/nueva-york/es/sitemap.xml.gz,"['https:', '', 'www.timeout.es', 'nueva-york', 'es', 'sitemap.xml.gz']"
https://www.timeout.com/cape-cod/sitemap.xml.gz,"['cape-cod', 'sitemap.xml.gz']"
https://www.timeout.com/rotterdam/sitemap.xml.gz,"['rotterdam', 'sitemap.xml.gz']"
https://www.timeout.com/whitby/sitemap.xml.gz,"['whitby', 'sitemap.xml.gz']"
https://www.timeout.com/jamaica/sitemap.xml.gz,"['jamaica', 'sitemap.xml.gz']"
https://www.timeout.com/maryland/sitemap.xml.gz,"['maryland', 'sitemap.xml.gz']"
https://www.timeout.com/majorca/sitemap.xml.gz,"['majorca', 'sitemap.xml.gz']"
https://www.timeout.com/luxembourg/sitemap.xml.gz,"['luxembourg', 'sitemap.xml.gz']"
https://www.timeout.com/pt/acores/sitemap.xml.gz,"['pt', 'acores', 'sitemap.xml.gz']"
https://www.timeout.com/azores/sitemap.xml.gz,"['azores', 'sitemap.xml.gz']"
https://www.timeout.com/indiana/sitemap.xml.gz,"['indiana', 'sitemap.xml.gz']"
https://www.timeout.com/ohio/sitemap.xml.gz,"['ohio', 'sitemap.xml.gz']"
https://www.timeout.com/algarve/sitemap.xml.gz,"['algarve', 'sitemap.xml.gz']"
https://www.timeout.com/madison/sitemap.xml.gz,"['madison', 'sitemap.xml.gz']"
https://www.timeout.com/buckinghamshire/sitemap.xml.gz,"['buckinghamshire', 'sitemap.xml.gz']"
https://www.timeout.com/daytona-beach/sitemap.xml.gz,"['daytona-beach', 'sitemap.xml.gz']"
https://www.timeout.com/cascais/sitemap.xml.gz,"['cascais', 'sitemap.xml.gz']"
https://www.timeout.pt/cascais/pt/sitemap.xml.gz,"['https:', '', 'www.timeout.pt', 'cascais', 'pt', 'sitemap.xml.gz']"
https://www.timeout.com/tasmania/sitemap.xml.gz,"['tasmania', 'sitemap.xml.gz']"
https://www.timeout.com/yorkshire/sitemap.xml.gz,"['yorkshire', 'sitemap.xml.gz']"
https://www.timeout.com/norfolk/sitemap.xml.gz,"['norfolk', 'sitemap.xml.gz']"
https://www.timeout.com/croatia/sitemap.xml.gz,"['croatia', 'sitemap.xml.gz']"
https://www.timeout.com/san-juan/sitemap.xml.gz,"['san-juan', 'sitemap.xml.gz']"
https://www.timeout.com/tenerife/sitemap.xml.gz,"['tenerife', 'sitemap.xml.gz']"
https://www.timeout.com/houston/sitemap.xml.gz,"['houston', 'sitemap.xml.gz']"
https://www.timeout.com/nashville/sitemap.xml.gz,"['nashville', 'sitemap.xml.gz']"
https://www.timeout.com/somerset/sitemap.xml.gz,"['somerset', 'sitemap.xml.gz']"
https://www.timeout.com/norway/sitemap.xml.gz,"['norway', 'sitemap.xml.gz']"
https://www.timeout.com/delaware/sitemap.xml.gz,"['delaware', 'sitemap.xml.gz']"
https://www.timeout.com/portmeirion/sitemap.xml.gz,"['portmeirion', 'sitemap.xml.gz']"
https://www.timeout.com/cuba/sitemap.xml.gz,"['cuba', 'sitemap.xml.gz']"
https://www.timeout.com/sicily/sitemap.xml.gz,"['sicily', 'sitemap.xml.gz']"
https://www.timeout.com/cabo-san-lucas/sitemap.xml.gz,"['cabo-san-lucas', 'sitemap.xml.gz']"
https://www.timeout.com/siem-reap/sitemap.xml.gz,"['siem-reap', 'sitemap.xml.gz']"
https://www.timeout.com/south-america/sitemap.xml.gz,"['south-america', 'sitemap.xml.gz']"
https://www.timeout.com/torquay/sitemap.xml.gz,"['torquay', 'sitemap.xml.gz']"
https://www.timeout.com/dallas/sitemap.xml.gz,"['dallas', 'sitemap.xml.gz']"
https://www.timeout.com/cornwall/sitemap.xml.gz,"['cornwall', 'sitemap.xml.gz']"
https://www.timeout.com/bath/sitemap.xml.gz,"['bath', 'sitemap.xml.gz']"
https://www.timeout.com/newport/sitemap.xml.gz,"['newport', 'sitemap.xml.gz']"
https://www.timeout.com/north-carolina/sitemap.xml.gz,"['north-carolina', 'sitemap.xml.gz']"
https://www.timeout.com/beirut/sitemap.xml.gz,"['beirut', 'sitemap.xml.gz']"
https://www.timeout.com/fr/lyon/sitemap.xml.gz,"['fr', 'lyon', 'sitemap.xml.gz']"
https://www.timeout.com/lyon/sitemap.xml.gz,"['lyon', 'sitemap.xml.gz']"
https://www.timeout.com/crete/sitemap.xml.gz,"['crete', 'sitemap.xml.gz']"
https://www.timeout.com/brisbane/sitemap.xml.gz,"['brisbane', 'sitemap.xml.gz']"
https://www.timeout.com/belgium/sitemap.xml.gz,"['belgium', 'sitemap.xml.gz']"
https://www.timeout.com/middle-east/sitemap.xml.gz,"['middle-east', 'sitemap.xml.gz']"
https://www.timeout.com/winchester/sitemap.xml.gz,"['winchester', 'sitemap.xml.gz']"
https://www.timeout.com/subic/sitemap.xml.gz,"['subic', 'sitemap.xml.gz']"
https://www.timeout.com/portland-me/sitemap.xml.gz,"['portland-me', 'sitemap.xml.gz']"
https://www.timeout.com/iceland/sitemap.xml.gz,"['iceland', 'sitemap.xml.gz']"
https://www.timeout.com/york/sitemap.xml.gz,"['york', 'sitemap.xml.gz']"
https://www.timeout.com/koh-samui/sitemap.xml.gz,"['koh-samui', 'sitemap.xml.gz']"
https://www.timeout.com/madeira/sitemap.xml.gz,"['madeira', 'sitemap.xml.gz']"
https://www.timeout.pt/madeira/pt/sitemap.xml.gz,"['https:', '', 'www.timeout.pt', 'madeira', 'pt', 'sitemap.xml.gz']"
https://www.timeout.com/whitstable/sitemap.xml.gz,"['whitstable', 'sitemap.xml.gz']"
https://www.timeout.com/scottish-highlands/sitemap.xml.gz,"['scottish-highlands', 'sitemap.xml.gz']"
https://www.timeout.com/virginia/sitemap.xml.gz,"['virginia', 'sitemap.xml.gz']"
https://www.timeout.com/carmel-by-the-sea/sitemap.xml.gz,"['carmel-by-the-sea', 'sitemap.xml.gz']"
https://www.timeout.com/monterey/sitemap.xml.gz,"['monterey', 'sitemap.xml.gz']"
https://www.timeout.com/salt-lake-city/sitemap.xml.gz,"['salt-lake-city', 'sitemap.xml.gz']"
https://www.timeout.com/perth/sitemap.xml.gz,"['perth', 'sitemap.xml.gz']"
https://www.timeout.com/jersey/sitemap.xml.gz,"['jersey', 'sitemap.xml.gz']"
https://www.timeout.com/albuquerque/sitemap.xml.gz,"['albuquerque', 'sitemap.xml.gz']"
https://www.timeout.com/boston/sitemap.xml.gz,"['boston', 'sitemap.xml.gz']"
https://www.timeout.com/boracay/sitemap.xml.gz,"['boracay', 'sitemap.xml.gz']"
https://www.timeout.com/des-moines/sitemap.xml.gz,"['des-moines', 'sitemap.xml.gz']"
https://www.timeout.com/marthas-vineyard/sitemap.xml.gz,"['marthas-vineyard', 'sitemap.xml.gz']"
https://www.timeout.com/brazil/sitemap.xml.gz,"['brazil', 'sitemap.xml.gz']"
https://www.timeout.com/brighton/sitemap.xml.gz,"['brighton', 'sitemap.xml.gz']"
https://www.timeout.com/marrakech/sitemap.xml.gz,"['marrakech', 'sitemap.xml.gz']"
https://www.timeout.com/nova-scotia/sitemap.xml.gz,"['nova-scotia', 'sitemap.xml.gz']"
https://www.timeout.com/hull/sitemap.xml.gz,"['hull', 'sitemap.xml.gz']"
https://www.timeout.com/birmingham/sitemap.xml.gz,"['birmingham', 'sitemap.xml.gz']"
https://www.timeout.com/cheltenham/sitemap.xml.gz,"['cheltenham', 'sitemap.xml.gz']"
https://www.timeout.com/naples/sitemap.xml.gz,"['naples', 'sitemap.xml.gz']"
https://www.timeout.com/salzburg/sitemap.xml.gz,"['salzburg', 'sitemap.xml.gz']"
https://www.timeout.com/banff/sitemap.xml.gz,"['banff', 'sitemap.xml.gz']"
https://www.timeout.es/madrid/es/sitemap.xml.gz,"['https:', '', 'www.timeout.es', 'madrid', 'es', 'sitemap.xml.gz']"
https://www.timeout.com/madrid/sitemap.xml.gz,"['madrid', 'sitemap.xml.gz']"
https://www.timeout.com/vietnam/sitemap.xml.gz,"['vietnam', 'sitemap.xml.gz']"
https://www.timeout.com/new-jersey/sitemap.xml.gz,"['new-jersey', 'sitemap.xml.gz']"
https://www.timeout.com/belize/sitemap.xml.gz,"['belize', 'sitemap.xml.gz']"
https://www.timeout.com/hampshire/sitemap.xml.gz,"['hampshire', 'sitemap.xml.gz']"
https://www.timeout.com/malton/sitemap.xml.gz,"['malton', 'sitemap.xml.gz']"
https://www.timeout.com/ambleside/sitemap.xml.gz,"['ambleside', 'sitemap.xml.gz']"
https://www.timeout.com/colorado/sitemap.xml.gz,"['colorado', 'sitemap.xml.gz']"
https://www.timeout.com/hanoi/sitemap.xml.gz,"['hanoi', 'sitemap.xml.gz']"
https://www.timeout.com/colombia/sitemap.xml.gz,"['colombia', 'sitemap.xml.gz']"
https://www.timeout.com/aldeburgh/sitemap.xml.gz,"['aldeburgh', 'sitemap.xml.gz']"
https://www.timeout.com/boise/sitemap.xml.gz,"['boise', 'sitemap.xml.gz']"
https://www.timeout.com/sunderland/sitemap.xml.gz,"['sunderland', 'sitemap.xml.gz']"
https://www.timeout.com/aberdeen/sitemap.xml.gz,"['aberdeen', 'sitemap.xml.gz']"
https://www.timeout.com/fr/marseille/sitemap.xml.gz,"['fr', 'marseille', 'sitemap.xml.gz']"
https://www.timeout.com/marseille/sitemap.xml.gz,"['marseille', 'sitemap.xml.gz']"
https://www.timeout.com/half-moon-bay/sitemap.xml.gz,"['half-moon-bay', 'sitemap.xml.gz']"
https://www.timeout.com/royal-tunbridge-wells/sitemap.xml.gz,"['royal-tunbridge-wells', 'sitemap.xml.gz']"
https://www.timeout.com/st-lucia/sitemap.xml.gz,"['st-lucia', 'sitemap.xml.gz']"
https://www.timeout.com/okeechobee/sitemap.xml.gz,"['okeechobee', 'sitemap.xml.gz']"
https://www.timeout.com/riviera-maya/sitemap.xml.gz,"['riviera-maya', 'sitemap.xml.gz']"
https://www.timeout.com/delhi/sitemap.xml.gz,"['delhi', 'sitemap.xml.gz']"
https://www.timeout.com/netherlands/sitemap.xml.gz,"['netherlands', 'sitemap.xml.gz']"
https://www.timeout.com/seminyak/sitemap.xml.gz,"['seminyak', 'sitemap.xml.gz']"
https://www.timeout.com/st-augustine/sitemap.xml.gz,"['st-augustine', 'sitemap.xml.gz']"
https://www.timeout.com/hastings/sitemap.xml.gz,"['hastings', 'sitemap.xml.gz']"
https://www.timeout.com/atlantic-city/sitemap.xml.gz,"['atlantic-city', 'sitemap.xml.gz']"
https://www.timeout.com/reading/sitemap.xml.gz,"['reading', 'sitemap.xml.gz']"
https://www.timeout.com/mykonos/sitemap.xml.gz,"['mykonos', 'sitemap.xml.gz']"
https://www.timeout.com/joshua-tree/sitemap.xml.gz,"['joshua-tree', 'sitemap.xml.gz']"
https://www.timeout.com/warsaw/sitemap.xml.gz,"['warsaw', 'sitemap.xml.gz']"
https://www.timeout.com/atlanta/sitemap.xml.gz,"['atlanta', 'sitemap.xml.gz']"
https://www.timeout.com/shropshire/sitemap.xml.gz,"['shropshire', 'sitemap.xml.gz']"
https://www.timeout.com/south-africa/sitemap.xml.gz,"['south-africa', 'sitemap.xml.gz']"
https://www.timeout.com/cape-may/sitemap.xml.gz,"['cape-may', 'sitemap.xml.gz']"
https://www.timeout.com/alice/sitemap.xml.gz,"['alice', 'sitemap.xml.gz']"
https://www.timeout.com/new-orleans/sitemap.xml.gz,"['new-orleans', 'sitemap.xml.gz']"
https://www.timeout.com/maui/sitemap.xml.gz,"['maui', 'sitemap.xml.gz']"
https://www.timeout.com/tagaytay/sitemap.xml.gz,"['tagaytay', 'sitemap.xml.gz']"
https://www.timeout.com/malaysia/sitemap.xml.gz,"['malaysia', 'sitemap.xml.gz']"
https://www.timeout.com/myrtle-beach/sitemap.xml.gz,"['myrtle-beach', 'sitemap.xml.gz']"
https://www.timeout.com/amsterdam/sitemap.xml.gz,"['amsterdam', 'sitemap.xml.gz']"
https://www.timeout.com/es/amsterdam/sitemap.xml.gz,"['es', 'amsterdam', 'sitemap.xml.gz']"
https://www.timeout.com/phoenix/sitemap.xml.gz,"['phoenix', 'sitemap.xml.gz']"
https://www.timeout.com/udaipur/sitemap.xml.gz,"['udaipur', 'sitemap.xml.gz']"
https://www.timeout.com/charleston/sitemap.xml.gz,"['charleston', 'sitemap.xml.gz']"
https://www.timeout.com/stratford-upon-avon/sitemap.xml.gz,"['stratford-upon-avon', 'sitemap.xml.gz']"
https://www.timeout.com/ojai/sitemap.xml.gz,"['ojai', 'sitemap.xml.gz']"
https://www.timeout.com/venice/sitemap.xml.gz,"['venice', 'sitemap.xml.gz']"
https://www.timeout.com/es/venecia/sitemap.xml.gz,"['es', 'venecia', 'sitemap.xml.gz']"
https://www.timeout.com/orlando/sitemap.xml.gz,"['orlando', 'sitemap.xml.gz']"
https://www.timeout.com/es/orlando/sitemap.xml.gz,"['es', 'orlando', 'sitemap.xml.gz']"
https://www.timeout.com/estes-park/sitemap.xml.gz,"['estes-park', 'sitemap.xml.gz']"
https://www.timeout.com/puerto-vallarta/sitemap.xml.gz,"['puerto-vallarta', 'sitemap.xml.gz']"
https://www.timeout.com/waco/sitemap.xml.gz,"['waco', 'sitemap.xml.gz']"
https://www.timeout.com/key-largo/sitemap.xml.gz,"['key-largo', 'sitemap.xml.gz']"
https://www.timeout.com/milan/sitemap.xml.gz,"['milan', 'sitemap.xml.gz']"
https://www.timeout.com/london/sitemap.xml.gz,"['london', 'sitemap.xml.gz']"
https://www.timeout.com/es/londres/sitemap.xml.gz,"['es', 'londres', 'sitemap.xml.gz']"
https://www.timeout.com/knoxville/sitemap.xml.gz,"['knoxville', 'sitemap.xml.gz']"
https://www.timeout.com/cumbria/sitemap.xml.gz,"['cumbria', 'sitemap.xml.gz']"
https://www.timeout.com/portsmouth/sitemap.xml.gz,"['portsmouth', 'sitemap.xml.gz']"
https://www.timeout.com/cologne/sitemap.xml.gz,"['cologne', 'sitemap.xml.gz']"
https://www.timeout.com/istanbul/sitemap.xml.gz,"['istanbul', 'sitemap.xml.gz']"
https://www.timeout.com/istanbul/tr/sitemap.xml.gz,"['istanbul', 'tr', 'sitemap.xml.gz']"
https://www.timeout.com/acapulco/sitemap.xml.gz,"['acapulco', 'sitemap.xml.gz']"
https://www.timeout.com/malaga/sitemap.xml.gz,"['malaga', 'sitemap.xml.gz']"
https://www.timeout.com/colorado-springs/sitemap.xml.gz,"['colorado-springs', 'sitemap.xml.gz']"
https://www.timeout.com/denver/sitemap.xml.gz,"['denver', 'sitemap.xml.gz']"
https://www.timeout.com/anaheim/sitemap.xml.gz,"['anaheim', 'sitemap.xml.gz']"
https://www.timeout.com/quebec-city/sitemap.xml.gz,"['quebec-city', 'sitemap.xml.gz']"
https://www.timeout.com/west-lulworth/sitemap.xml.gz,"['west-lulworth', 'sitemap.xml.gz']"
https://www.timeout.com/toronto/sitemap.xml.gz,"['toronto', 'sitemap.xml.gz']"
https://www.timeout.com/texas/sitemap.xml.gz,"['texas', 'sitemap.xml.gz']"
https://www.timeout.com/singapore/sitemap.xml.gz,"['singapore', 'sitemap.xml.gz']"
https://www.timeout.com/niagara-on-the-lake/sitemap.xml.gz,"['niagara-on-the-lake', 'sitemap.xml.gz']"
https://www.timeout.com/maine/sitemap.xml.gz,"['maine', 'sitemap.xml.gz']"
https://www.timeout.jp/tokyo/ja/sitemap.xml.gz,"['https:', '', 'www.timeout.jp', 'tokyo', 'ja', 'sitemap.xml.gz']"
https://www.timeout.com/tokyo/sitemap.xml.gz,"['tokyo', 'sitemap.xml.gz']"
https://www.timeout.com/punta-cana/sitemap.xml.gz,"['punta-cana', 'sitemap.xml.gz']"
https://www.timeout.com/dominican-republic/sitemap.xml.gz,"['dominican-republic', 'sitemap.xml.gz']"
https://www.timeout.com/providence/sitemap.xml.gz,"['providence', 'sitemap.xml.gz']"
https://www.timeout.com/taos/sitemap.xml.gz,"['taos', 'sitemap.xml.gz']"
https://www.timeout.com/san-luis-obispo/sitemap.xml.gz,"['san-luis-obispo', 'sitemap.xml.gz']"
https://www.timeout.com/illinois/sitemap.xml.gz,"['illinois', 'sitemap.xml.gz']"
https://www.timeout.com/gran-canaria/sitemap.xml.gz,"['gran-canaria', 'sitemap.xml.gz']"
https://www.timeout.com/bristol/sitemap.xml.gz,"['bristol', 'sitemap.xml.gz']"
https://www.timeout.com/alicante/sitemap.xml.gz,"['alicante', 'sitemap.xml.gz']"
https://www.timeout.com/serbia/sitemap.xml.gz,"['serbia', 'sitemap.xml.gz']"
https://www.timeout.com/indonesia/sitemap.xml.gz,"['indonesia', 'sitemap.xml.gz']"
https://www.timeout.com/reykjavik/sitemap.xml.gz,"['reykjavik', 'sitemap.xml.gz']"
https://www.timeout.com/pondicherry/sitemap.xml.gz,"['pondicherry', 'sitemap.xml.gz']"
https://www.timeout.com/british-columbia/sitemap.xml.gz,"['british-columbia', 'sitemap.xml.gz']"
https://www.timeout.com/malta/sitemap.xml.gz,"['malta', 'sitemap.xml.gz']"
https://www.timeout.com/grand-rapids/sitemap.xml.gz,"['grand-rapids', 'sitemap.xml.gz']"
https://www.timeout.com/kingston/sitemap.xml.gz,"['kingston', 'sitemap.xml.gz']"
https://www.timeout.com/shenzhen/sitemap.xml.gz,"['shenzhen', 'sitemap.xml.gz']"
https://www.timeout.com/copenhagen/sitemap.xml.gz,"['copenhagen', 'sitemap.xml.gz']"
https://www.timeout.com/canterbury/sitemap.xml.gz,"['canterbury', 'sitemap.xml.gz']"
https://www.timeout.com/gold-coast/sitemap.xml.gz,"['gold-coast', 'sitemap.xml.gz']"
https://www.timeout.com/australia/sitemap.xml.gz,"['australia', 'sitemap.xml.gz']"
https://www.timeout.com/laguna-beach/sitemap.xml.gz,"['laguna-beach', 'sitemap.xml.gz']"
https://www.timeout.com/calgary/sitemap.xml.gz,"['calgary', 'sitemap.xml.gz']"
https://www.timeout.com/frankfurt/sitemap.xml.gz,"['frankfurt', 'sitemap.xml.gz']"
https://www.timeout.com/india/sitemap.xml.gz,"['india', 'sitemap.xml.gz']"
https://www.timeout.com/manali/sitemap.xml.gz,"['manali', 'sitemap.xml.gz']"
https://www.timeout.com/cork/sitemap.xml.gz,"['cork', 'sitemap.xml.gz']"
https://www.timeout.com/margate/sitemap.xml.gz,"['margate', 'sitemap.xml.gz']"
https://www.timeout.com/outer-banks/sitemap.xml.gz,"['outer-banks', 'sitemap.xml.gz']"
https://www.timeout.com/corfu/sitemap.xml.gz,"['corfu', 'sitemap.xml.gz']"
https://www.timeout.com/tempe/sitemap.xml.gz,"['tempe', 'sitemap.xml.gz']"
https://www.timeout.com/inverness/sitemap.xml.gz,"['inverness', 'sitemap.xml.gz']"
https://www.timeout.com/cancun/sitemap.xml.gz,"['cancun', 'sitemap.xml.gz']"
https://www.timeout.com/es/cancun/sitemap.xml.gz,"['es', 'cancun', 'sitemap.xml.gz']"
https://www.timeout.com/nevada/sitemap.xml.gz,"['nevada', 'sitemap.xml.gz']"
https://www.timeout.com/chennai/sitemap.xml.gz,"['chennai', 'sitemap.xml.gz']"
https://www.timeout.com/alfriston/sitemap.xml.gz,"['alfriston', 'sitemap.xml.gz']"
https://www.timeout.com/pune/sitemap.xml.gz,"['pune', 'sitemap.xml.gz']"
https://www.timeout.com/russia/sitemap.xml.gz,"['russia', 'sitemap.xml.gz']"
https://www.timeout.com/omaha/sitemap.xml.gz,"['omaha', 'sitemap.xml.gz']"
https://www.timeout.com/cambridge/sitemap.xml.gz,"['cambridge', 'sitemap.xml.gz']"
https://www.timeout.com/portland/sitemap.xml.gz,"['portland', 'sitemap.xml.gz']"
https://www.timeout.com/connecticut/sitemap.xml.gz,"['connecticut', 'sitemap.xml.gz']"
https://www.timeout.com/spokane/sitemap.xml.gz,"['spokane', 'sitemap.xml.gz']"
https://www.timeout.com/fuerteventura/sitemap.xml.gz,"['fuerteventura', 'sitemap.xml.gz']"
https://www.timeout.com/byron-bay/sitemap.xml.gz,"['byron-bay', 'sitemap.xml.gz']"
https://www.timeout.com/new-forest/sitemap.xml.gz,"['new-forest', 'sitemap.xml.gz']"
https://www.timeout.com/olympia/sitemap.xml.gz,"['olympia', 'sitemap.xml.gz']"
https://www.timeout.com/oregon/sitemap.xml.gz,"['oregon', 'sitemap.xml.gz']"
https://www.timeout.com/munich/sitemap.xml.gz,"['munich', 'sitemap.xml.gz']"
https://www.timeout.com/chattanooga/sitemap.xml.gz,"['chattanooga', 'sitemap.xml.gz']"
https://www.timeout.com/taupo/sitemap.xml.gz,"['taupo', 'sitemap.xml.gz']"
https://www.timeout.com/south-pacific/sitemap.xml.gz,"['south-pacific', 'sitemap.xml.gz']"
https://www.timeout.com/pensacola/sitemap.xml.gz,"['pensacola', 'sitemap.xml.gz']"
https://www.timeout.com/saskatchewan/sitemap.xml.gz,"['saskatchewan', 'sitemap.xml.gz']"
https://www.timeout.com/chiang-mai/sitemap.xml.gz,"['chiang-mai', 'sitemap.xml.gz']"
https://www.timeout.com/rye/sitemap.xml.gz,"['rye', 'sitemap.xml.gz']"
https://www.timeout.com/cheshire/sitemap.xml.gz,"['cheshire', 'sitemap.xml.gz']"
https://www.timeout.com/hoi-an/sitemap.xml.gz,"['hoi-an', 'sitemap.xml.gz']"
https://www.timeout.com/lewes/sitemap.xml.gz,"['lewes', 'sitemap.xml.gz']"
https://www.timeout.com/georgia/sitemap.xml.gz,"['georgia', 'sitemap.xml.gz']"
https://www.timeout.com/budapest/sitemap.xml.gz,"['budapest', 'sitemap.xml.gz']"
https://www.timeout.com/isle-of-wight/sitemap.xml.gz,"['isle-of-wight', 'sitemap.xml.gz']"
https://www.timeout.com/fiji/sitemap.xml.gz,"['fiji', 'sitemap.xml.gz']"
https://www.timeout.com/lincolnshire/sitemap.xml.gz,"['lincolnshire', 'sitemap.xml.gz']"
https://www.timeout.com/macau/sitemap.xml.gz,"['macau', 'sitemap.xml.gz']"
https://www.timeout.com/sedona/sitemap.xml.gz,"['sedona', 'sitemap.xml.gz']"
https://www.timeout.com/sandwich/sitemap.xml.gz,"['sandwich', 'sitemap.xml.gz']"
https://www.timeout.com/krakow/sitemap.xml.gz,"['krakow', 'sitemap.xml.gz']"
https://www.timeoutkorea.kr/seoul/ko/sitemap.xml.gz,"['https:', '', 'www.timeoutkorea.kr', 'seoul', 'ko', 'sitemap.xml.gz']"
https://www.timeout.com/seoul/sitemap.xml.gz,"['seoul', 'sitemap.xml.gz']"
https://www.timeout.com/norfolk-va/sitemap.xml.gz,"['norfolk-va', 'sitemap.xml.gz']"
https://www.timeout.com/new-alresford/sitemap.xml.gz,"['new-alresford', 'sitemap.xml.gz']"
https://www.timeout.com/kelowna/sitemap.xml.gz,"['kelowna', 'sitemap.xml.gz']"
https://www.timeout.com/haworth/sitemap.xml.gz,"['haworth', 'sitemap.xml.gz']"
https://www.timeout.com/traverse-city/sitemap.xml.gz,"['traverse-city', 'sitemap.xml.gz']"
https://www.timeout.com/kauai/sitemap.xml.gz,"['kauai', 'sitemap.xml.gz']"
https://www.timeout.com/tallahassee/sitemap.xml.gz,"['tallahassee', 'sitemap.xml.gz']"
https://www.timeout.com/jasper/sitemap.xml.gz,"['jasper', 'sitemap.xml.gz']"
https://www.timeout.com/gatlinburg/sitemap.xml.gz,"['gatlinburg', 'sitemap.xml.gz']"
https://www.timeout.com/playa-del-carmen/sitemap.xml.gz,"['playa-del-carmen', 'sitemap.xml.gz']"
https://www.timeout.com/penzance/sitemap.xml.gz,"['penzance', 'sitemap.xml.gz']"
https://www.timeout.com/cairns/sitemap.xml.gz,"['cairns', 'sitemap.xml.gz']"
https://www.timeout.com/massachusetts/sitemap.xml.gz,"['massachusetts', 'sitemap.xml.gz']"
https://www.timeout.com/edmonton/sitemap.xml.gz,"['edmonton', 'sitemap.xml.gz']"
https://www.timeout.com/south-dakota/sitemap.xml.gz,"['south-dakota', 'sitemap.xml.gz']"
https://www.timeout.com/ubud/sitemap.xml.gz,"['ubud', 'sitemap.xml.gz']"
https://www.timeout.com/lake-district/sitemap.xml.gz,"['lake-district', 'sitemap.xml.gz']"
https://www.timeout.com/padstow/sitemap.xml.gz,"['padstow', 'sitemap.xml.gz']"
https://www.timeout.com/ocean-city/sitemap.xml.gz,"['ocean-city', 'sitemap.xml.gz']"
https://www.timeout.com/warwickshire/sitemap.xml.gz,"['warwickshire', 'sitemap.xml.gz']"
https://www.timeout.com/middlesbrough/sitemap.xml.gz,"['middlesbrough', 'sitemap.xml.gz']"
https://www.timeout.com/petworth/sitemap.xml.gz,"['petworth', 'sitemap.xml.gz']"
https://www.timeout.com/hawaii/sitemap.xml.gz,"['hawaii', 'sitemap.xml.gz']"
https://www.timeout.com/costa-rica/sitemap.xml.gz,"['costa-rica', 'sitemap.xml.gz']"
https://www.timeout.com/swansea/sitemap.xml.gz,"['swansea', 'sitemap.xml.gz']"
https://www.timeout.com/idaho/sitemap.xml.gz,"['idaho', 'sitemap.xml.gz']"
https://www.timeout.com/dedham/sitemap.xml.gz,"['dedham', 'sitemap.xml.gz']"
https://www.timeout.com/stockholm/sitemap.xml.gz,"['stockholm', 'sitemap.xml.gz']"
https://www.timeout.com/santa-ynez-valley/sitemap.xml.gz,"['santa-ynez-valley', 'sitemap.xml.gz']"
https://www.timeout.com/hudson/sitemap.xml.gz,"['hudson', 'sitemap.xml.gz']"
https://www.timeout.com/new-york-kids/sitemap.xml.gz,"['new-york-kids', 'sitemap.xml.gz']"
https://www.timeout.com/sardinia/sitemap.xml.gz,"['sardinia', 'sitemap.xml.gz']"
https://www.timeout.com/bruton/sitemap.xml.gz,"['bruton', 'sitemap.xml.gz']"
https://www.timeout.com/cincinnati/sitemap.xml.gz,"['cincinnati', 'sitemap.xml.gz']"
https://www.timeout.com/cebu/sitemap.xml.gz,"['cebu', 'sitemap.xml.gz']"
https://www.timeout.com/pattaya/sitemap.xml.gz,"['pattaya', 'sitemap.xml.gz']"
https://www.timeout.com/oklahoma-city/sitemap.xml.gz,"['oklahoma-city', 'sitemap.xml.gz']"
https://www.timeout.com/mississauga/sitemap.xml.gz,"['mississauga', 'sitemap.xml.gz']"
https://www.timeout.com/cleveland/sitemap.xml.gz,"['cleveland', 'sitemap.xml.gz']"
https://www.timeout.com/iowa/sitemap.xml.gz,"['iowa', 'sitemap.xml.gz']"
https://www.timeout.com/el-paso/sitemap.xml.gz,"['el-paso', 'sitemap.xml.gz']"
https://www.timeout.com/mississippi/sitemap.xml.gz,"['mississippi', 'sitemap.xml.gz']"
https://www.timeout.com/castle-combe/sitemap.xml.gz,"['castle-combe', 'sitemap.xml.gz']"
https://www.timeout.com/rio-de-janeiro/sitemap.xml.gz,"['rio-de-janeiro', 'sitemap.xml.gz']"
https://www.timeout.com/asia/sitemap.xml.gz,"['asia', 'sitemap.xml.gz']"
https://www.timeout.com/peru/sitemap.xml.gz,"['peru', 'sitemap.xml.gz']"
https://www.timeout.com/puerto-rico/sitemap.xml.gz,"['puerto-rico', 'sitemap.xml.gz']"
https://www.timeout.com/wales/sitemap.xml.gz,"['wales', 'sitemap.xml.gz']"
https://www.timeout.com/panama-city/sitemap.xml.gz,"['panama-city', 'sitemap.xml.gz']"
https://www.timeout.com/glasgow/sitemap.xml.gz,"['glasgow', 'sitemap.xml.gz']"
https://www.timeout.cat/barcelona/ca/sitemap.xml.gz,"['https:', '', 'www.timeout.cat', 'barcelona', 'ca', 'sitemap.xml.gz']"
https://www.timeout.es/barcelona/es/sitemap.xml.gz,"['https:', '', 'www.timeout.es', 'barcelona', 'es', 'sitemap.xml.gz']"
https://www.timeout.com/barcelona/sitemap.xml.gz,"['barcelona', 'sitemap.xml.gz']"
https://www.timeout.com/oxford/sitemap.xml.gz,"['oxford', 'sitemap.xml.gz']"
https://www.timeout.com/san-francisco/sitemap.xml.gz,"['san-francisco', 'sitemap.xml.gz']"
https://www.timeout.cat/girona/ca/sitemap.xml.gz,"['https:', '', 'www.timeout.cat', 'girona', 'ca', 'sitemap.xml.gz']"
https://www.timeout.com/girona/sitemap.xml.gz,"['girona', 'sitemap.xml.gz']"
https://www.timeout.com/austin/sitemap.xml.gz,"['austin', 'sitemap.xml.gz']"
https://www.timeout.com/johannesburg/sitemap.xml.gz,"['johannesburg', 'sitemap.xml.gz']"
https://www.timeout.com/louisiana/sitemap.xml.gz,"['louisiana', 'sitemap.xml.gz']"
https://www.timeout.com/halifax/sitemap.xml.gz,"['halifax', 'sitemap.xml.gz']"
https://www.timeout.com/new-mexico/sitemap.xml.gz,"['new-mexico', 'sitemap.xml.gz']"
https://www.timeout.com/jacksonville/sitemap.xml.gz,"['jacksonville', 'sitemap.xml.gz']"
https://www.timeout.com/surrey/sitemap.xml.gz,"['surrey', 'sitemap.xml.gz']"
https://www.timeout.com/montana/sitemap.xml.gz,"['montana', 'sitemap.xml.gz']"
https://www.timeout.com/bologna/sitemap.xml.gz,"['bologna', 'sitemap.xml.gz']"
https://www.timeout.com/plymouth/sitemap.xml.gz,"['plymouth', 'sitemap.xml.gz']"
https://www.timeout.com/asheville/sitemap.xml.gz,"['asheville', 'sitemap.xml.gz']"
https://www.timeout.com/missouri/sitemap.xml.gz,"['missouri', 'sitemap.xml.gz']"
https://www.timeout.com/hilton-head-island/sitemap.xml.gz,"['hilton-head-island', 'sitemap.xml.gz']"
https://www.timeout.com/ludlow/sitemap.xml.gz,"['ludlow', 'sitemap.xml.gz']"
https://www.timeout.com/naperville/sitemap.xml.gz,"['naperville', 'sitemap.xml.gz']"
https://www.timeout.com/hamilton/sitemap.xml.gz,"['hamilton', 'sitemap.xml.gz']"
https://www.timeout.com/big-bear/sitemap.xml.gz,"['big-bear', 'sitemap.xml.gz']"
https://www.timeout.com/alberta/sitemap.xml.gz,"['alberta', 'sitemap.xml.gz']"
https://www.timeout.com/isle-of-skye/sitemap.xml.gz,"['isle-of-skye', 'sitemap.xml.gz']"
https://www.timeout.com/evanston/sitemap.xml.gz,"['evanston', 'sitemap.xml.gz']"
https://www.timeout.com/france/sitemap.xml.gz,"['france', 'sitemap.xml.gz']"
https://www.timeout.com/broadstairs/sitemap.xml.gz,"['broadstairs', 'sitemap.xml.gz']"
https://www.timeout.com/nebraska/sitemap.xml.gz,"['nebraska', 'sitemap.xml.gz']"
https://www.timeout.com/detroit/sitemap.xml.gz,"['detroit', 'sitemap.xml.gz']"
https://www.timeout.com/easton/sitemap.xml.gz,"['easton', 'sitemap.xml.gz']"
https://www.timeout.com/oklahoma/sitemap.xml.gz,"['oklahoma', 'sitemap.xml.gz']"
https://www.timeout.com/buffalo/sitemap.xml.gz,"['buffalo', 'sitemap.xml.gz']"
https://www.timeout.com/kingham/sitemap.xml.gz,"['kingham', 'sitemap.xml.gz']"
https://www.timeout.com/marlow/sitemap.xml.gz,"['marlow', 'sitemap.xml.gz']"
https://www.timeout.com/maldon/sitemap.xml.gz,"['maldon', 'sitemap.xml.gz']"
https://www.timeout.com/new-hampshire/sitemap.xml.gz,"['new-hampshire', 'sitemap.xml.gz']"
https://www.timeout.com/seychelles/sitemap.xml.gz,"['seychelles', 'sitemap.xml.gz']"
https://www.timeout.com/rosemont/sitemap.xml.gz,"['rosemont', 'sitemap.xml.gz']"
https://www.timeout.com/ensenada/sitemap.xml.gz,"['ensenada', 'sitemap.xml.gz']"
https://www.timeout.com/clearwater/sitemap.xml.gz,"['clearwater', 'sitemap.xml.gz']"
https://www.timeout.com/abergavenny/sitemap.xml.gz,"['abergavenny', 'sitemap.xml.gz']"
https://www.timeout.com/norwich/sitemap.xml.gz,"['norwich', 'sitemap.xml.gz']"
https://www.timeout.com/czech-republic/sitemap.xml.gz,"['czech-republic', 'sitemap.xml.gz']"
https://www.timeout.com/minneapolis/sitemap.xml.gz,"['minneapolis', 'sitemap.xml.gz']"
https://www.timeout.com/washington-dc/sitemap.xml.gz,"['washington-dc', 'sitemap.xml.gz']"
https://www.timeout.com/havana/sitemap.xml.gz,"['havana', 'sitemap.xml.gz']"
https://www.timeout.com/california/sitemap.xml.gz,"['california', 'sitemap.xml.gz']"
https://www.timeout.com/krabi/sitemap.xml.gz,"['krabi', 'sitemap.xml.gz']"
https://www.timeout.com/oxfordshire/sitemap.xml.gz,"['oxfordshire', 'sitemap.xml.gz']"
https://www.timeout.com/indianapolis/sitemap.xml.gz,"['indianapolis', 'sitemap.xml.gz']"
https://www.timeout.com/windsor/sitemap.xml.gz,"['windsor', 'sitemap.xml.gz']"
https://www.timeout.com/newbury/sitemap.xml.gz,"['newbury', 'sitemap.xml.gz']"
https://www.timeout.com/manila/sitemap.xml.gz,"['manila', 'sitemap.xml.gz']"
https://www.timeout.com/cotswolds/sitemap.xml.gz,"['cotswolds', 'sitemap.xml.gz']"
https://www.timeout.com/helsinki/sitemap.xml.gz,"['helsinki', 'sitemap.xml.gz']"
https://www.timeout.com/scotland/sitemap.xml.gz,"['scotland', 'sitemap.xml.gz']"
https://www.timeout.com/wiltshire/sitemap.xml.gz,"['wiltshire', 'sitemap.xml.gz']"
https://www.timeout.com/berlin/sitemap.xml.gz,"['berlin', 'sitemap.xml.gz']"
https://www.timeout.com/es/berlin/sitemap.xml.gz,"['es', 'berlin', 'sitemap.xml.gz']"
https://www.timeout.com/belgrade/sitemap.xml.gz,"['belgrade', 'sitemap.xml.gz']"
https://www.timeout.com/penang/sitemap.xml.gz,"['penang', 'sitemap.xml.gz']"
https://www.timeout.com/benidorm/sitemap.xml.gz,"['benidorm', 'sitemap.xml.gz']"
https://www.timeout.com/sarasota/sitemap.xml.gz,"['sarasota', 'sitemap.xml.gz']"
https://www.timeout.com/essex/sitemap.xml.gz,"['essex', 'sitemap.xml.gz']"
https://www.timeout.com/alaska/sitemap.xml.gz,"['alaska', 'sitemap.xml.gz']"
https://www.timeout.com/park-city/sitemap.xml.gz,"['park-city', 'sitemap.xml.gz']"
https://www.timeout.com/lavenham/sitemap.xml.gz,"['lavenham', 'sitemap.xml.gz']"
https://www.timeout.com/germany/sitemap.xml.gz,"['germany', 'sitemap.xml.gz']"
https://www.timeout.com/saskatoon/sitemap.xml.gz,"['saskatoon', 'sitemap.xml.gz']"
https://www.timeout.com/minnesota/sitemap.xml.gz,"['minnesota', 'sitemap.xml.gz']"
https://www.timeout.com/manitoba/sitemap.xml.gz,"['manitoba', 'sitemap.xml.gz']"
https://www.timeout.com/harrogate/sitemap.xml.gz,"['harrogate', 'sitemap.xml.gz']"
https://www.timeout.com/pittsburgh/sitemap.xml.gz,"['pittsburgh', 'sitemap.xml.gz']"
https://www.timeout.com/west-virginia/sitemap.xml.gz,"['west-virginia', 'sitemap.xml.gz']"
https://www.timeout.com/es/espana/sitemap.xml.gz,"['es', 'espana', 'sitemap.xml.gz']"
https://www.timeout.com/spain/sitemap.xml.gz,"['spain', 'sitemap.xml.gz']"
https://www.timeout.com/berkeley/sitemap.xml.gz,"['berkeley', 'sitemap.xml.gz']"
https://www.timeout.com/china/sitemap.xml.gz,"['china', 'sitemap.xml.gz']"
https://www.timeout.com/st-paul/sitemap.xml.gz,"['st-paul', 'sitemap.xml.gz']"
https://www.timeout.com/flagstaff/sitemap.xml.gz,"['flagstaff', 'sitemap.xml.gz']"
https://www.timeout.com/gower-peninsula/sitemap.xml.gz,"['gower-peninsula', 'sitemap.xml.gz']"
https://www.timeout.com/vancouver/sitemap.xml.gz,"['vancouver', 'sitemap.xml.gz']"
https://www.timeout.com/san-jose/sitemap.xml.gz,"['san-jose', 'sitemap.xml.gz']"
https://www.timeout.com/turkiye/sitemap.xml.gz,"['turkiye', 'sitemap.xml.gz']"
https://www.timeout.com/queenstown/sitemap.xml.gz,"['queenstown', 'sitemap.xml.gz']"
https://www.timeout.com/deal/sitemap.xml.gz,"['deal', 'sitemap.xml.gz']"
https://www.timeout.com/kent/sitemap.xml.gz,"['kent', 'sitemap.xml.gz']"
https://www.timeout.com/fowey/sitemap.xml.gz,"['fowey', 'sitemap.xml.gz']"
https://www.timeout.com/turville/sitemap.xml.gz,"['turville', 'sitemap.xml.gz']"
https://www.timeout.com/new-zealand/sitemap.xml.gz,"['new-zealand', 'sitemap.xml.gz']"
https://www.timeout.com/monaco/sitemap.xml.gz,"['monaco', 'sitemap.xml.gz']"
https://www.timeout.com/cozumel/sitemap.xml.gz,"['cozumel', 'sitemap.xml.gz']"
https://www.timeout.com/san-diego/sitemap.xml.gz,"['san-diego', 'sitemap.xml.gz']"
https://www.timeout.com/europe/sitemap.xml.gz,"['europe', 'sitemap.xml.gz']"
https://www.timeout.com/southwold/sitemap.xml.gz,"['southwold', 'sitemap.xml.gz']"
https://www.timeout.com/sussex/sitemap.xml.gz,"['sussex', 'sitemap.xml.gz']"
https://www.timeout.com/hong-kong/sitemap.xml.gz,"['hong-kong', 'sitemap.xml.gz']"
https://www.timeout.com.hk/hong-kong/hk/sitemap.xml.gz,"['https:', '', 'www.timeout.com.hk', 'hong-kong', 'hk', 'sitemap.xml.gz']"
https://www.timeout.com/langkawi/sitemap.xml.gz,"['langkawi', 'sitemap.xml.gz']"
https://www.timeout.com/berkshire/sitemap.xml.gz,"['berkshire', 'sitemap.xml.gz']"
https://www.timeout.com/denmark/sitemap.xml.gz,"['denmark', 'sitemap.xml.gz']"
